date,description,amount
2026-01-03,Swiggy dinner order,450
2026-01-05,Uber ride to office,230
2026-01-08,Amazon headphones,1999
2026-01-10,Electricity bill,1850
2026-01-14,Netflix subscription,649
2026-01-18,Apollo pharmacy,520
2026-01-22,Zomato lunch,380
2026-02-02,Ola cab to airport,780
2026-02-06,Big Bazaar groceries,2400
2026-02-11,Airtel broadband bill,999
2026-02-15,Movie tickets PVR,700
2026-02-20,Myntra shirt,1299
2026-02-25,Doctor consultation,600
2026-03-04,Starbucks coffee,350
2026-03-09,Metro card recharge,500
2026-03-12,Flipkart phone cover,299
2026-03-17,Water bill,300
2026-03-21,Spotify premium,119
2026-03-28,Restaurant birthday dinner,3200